run_id,run_status,model,quantization_level,task_type,row_id,f1,rougeL,tokens_per_sec,avg_cpu_percent,max_rss_mb,energy per token (J/t)
run_0058,"COMPLETED
",Qwen2.5-3B,FP16,SUMM_SHORT,1535,0.5,,2.09,84.74464285714286,6127.5234375,1.1203768818261697
run_0067,"COMPLETED
",Qwen2.5-3B,FP16,SUMM_SHORT,3928,,0.09375,2.2,79.45065789473684,6127.5234375,0.0470657489541059
run_0095,"COMPLETED
",Qwen2.5-3B,FP16,SUMM_SHORT,6000,0.6,,2.07,82.09775641025641,6127.5234375,0.7575976002684599
run_0103,"COMPLETED
",Qwen2.5-3B,FP16,SUMM_SHORT,1506,0.0,,2.2,81.15239726027397,6127.5234375,0.2857900007971182
run_0151,"COMPLETED
",Qwen2.5-3B,FP16,SUMM_SHORT,9959,,0.2,2.21,83.1798245614035,6127.5234375,0.4942205443002125
run_0158,"COMPLETED
",Qwen2.5-3B,FP16,SUMM_SHORT,9893,,0.1917808219178082,2.21,74.76388888888889,6127.60546875,0.336419003697905
run_0172,"COMPLETED
",Qwen2.5-3B,FP16,SUMM_SHORT,632,,0.2142857142857142,2.15,82.69402985074628,6127.60546875,1.197092421167731
run_0175,"COMPLETED
",Qwen2.5-3B,FP16,SUMM_SHORT,6541,,0.2711864406779661,2.12,79.39273648648648,6127.60546875,0.8224404779750137
run_0217,"COMPLETED
",Qwen2.5-3B,FP16,SUMM_SHORT,8502,,0.1290322580645161,2.23,82.28968253968254,6127.60546875,0.3773342172964695
run_0265,"COMPLETED
",Qwen2.5-3B,FP16,SUMM_SHORT,1617,,0.1304347826086956,2.25,80.08482142857143,6127.6484375,1.4318188828233194
run_0307,"COMPLETED
",Qwen2.5-3B,FP16,SUMM_SHORT,8604,0.0,,2.25,81.20663265306122,6127.6484375,0.315038568428744
run_0315,"COMPLETED
",Qwen2.5-3B,FP16,SUMM_SHORT,4048,1.0,,2.04,83.91780821917808,6127.6484375,0.2461673157809218
run_0327,"COMPLETED
",Qwen2.5-3B,FP16,SUMM_SHORT,6453,0.5,,2.21,83.6570945945946,6127.6953125,0.2932145966840353
run_0367,"COMPLETED
",Qwen2.5-3B,FP16,SUMM_SHORT,6020,,0.0454545454545454,1.99,81.53977272727273,6127.71875,0.4665516814483368
run_0377,"COMPLETED
",Qwen2.5-3B,FP16,SUMM_SHORT,7728,1.0,,2.2,74.78472222222223,6127.71875,0.2187023238242766
run_0434,"COMPLETED
",Qwen2.5-3B,FP16,SUMM_SHORT,3752,,0.2682926829268293,2.22,71.154296875,6127.71875,0.4971073713994535
run_0473,"COMPLETED
",Qwen2.5-3B,FP16,SUMM_SHORT,6813,,0.2758620689655173,2.28,75.07621951219512,6127.71875,0.3882803705272604
run_0477,"COMPLETED
",Qwen2.5-3B,FP16,SUMM_SHORT,6021,,0.1363636363636363,2.12,85.03666666666666,6127.71875,0.3660932942023207
run_0549,"COMPLETED
",Qwen2.5-3B,FP16,SUMM_SHORT,4091,,0.2093023255813953,2.25,77.12617924528301,6127.71875,0.2087809514559579
run_0614,"COMPLETED
",Qwen2.5-3B,FP16,SUMM_SHORT,2710,,0.2195121951219512,2.27,80.9329268292683,6127.71875,0.2807083346779715
run_0674,"COMPLETED
",Qwen2.5-3B,FP16,SUMM_SHORT,2089,,0.2105263157894736,2.25,78.6903409090909,6127.06640625,0.4379038824781418
run_0704,"COMPLETED
",Qwen2.5-3B,FP16,SUMM_SHORT,474,,0.2278481012658228,2.29,76.62109375,6127.1953125,0.0186506424740644
run_0712,"COMPLETED
",Qwen2.5-3B,FP16,SUMM_SHORT,4969,,0.1846153846153846,2.01,84.55984042553192,6127.1953125,0.29538971383133
run_0734,"COMPLETED
",Qwen2.5-3B,FP16,SUMM_SHORT,1768,,0.3174603174603174,2.23,75.09125,6127.1953125,0.2185538994842568
run_0776,"COMPLETED
",Qwen2.5-3B,FP16,SUMM_SHORT,6178,,0.3146067415730337,1.97,77.93676470588235,6127.21484375,0.6359799471870599
run_0791,"COMPLETED
",Qwen2.5-3B,FP16,SUMM_SHORT,7354,1.0,,1.96,80.4382530120482,6127.21484375,0.3482349481979434
run_0813,"COMPLETED
",Qwen2.5-3B,FP16,SUMM_SHORT,672,0.0,,2.13,80.89473684210526,6127.21484375,0.9158760151178617
run_0821,"COMPLETED
",Qwen2.5-3B,FP16,SUMM_SHORT,1637,,0.1714285714285714,2.04,79.32583333333334,6127.21484375,0.4067871016316507
run_0880,"COMPLETED
",Qwen2.5-3B,FP16,SUMM_SHORT,4418,1.0,,2.27,73.7195945945946,6127.21484375,0.924872101398723
run_0046,"COMPLETED
",Qwen2.5-3B,FP16,SUMM_LONG,7612,,0.1728395061728395,2.05,79.14,6127.33984375,1.2983651757656376
run_0051,"COMPLETED
",Qwen2.5-3B,FP16,SUMM_LONG,9685,,0.1694915254237288,2.18,80.25707547169812,6127.5234375,1.6635554081434611
run_0094,"COMPLETED
",Qwen2.5-3B,FP16,SUMM_LONG,170,,0.1025641025641025,2.24,78.6413043478261,6127.5234375,0.3911632616715647
run_0143,"COMPLETED
",Qwen2.5-3B,FP16,SUMM_LONG,2988,1.0,,2.21,81.96428571428571,6127.5234375,0.713155809262831
run_0153,"COMPLETED
",Qwen2.5-3B,FP16,SUMM_LONG,2421,,0.1012658227848101,2.05,81.17573529411764,6127.60546875,0.4585820511538038
run_0251,"COMPLETED
",Qwen2.5-3B,FP16,SUMM_LONG,2475,0.1818181818181818,,1.94,84.93686868686869,6127.4140625,0.5201239556216767
run_0317,"COMPLETED
",Qwen2.5-3B,FP16,SUMM_LONG,8299,,0.2133333333333333,2.24,77.35553278688525,6127.6953125,0.4009695560175434
run_0343,"COMPLETED
",Qwen2.5-3B,FP16,SUMM_LONG,2321,0.0,,2.1,82.91020114942529,6127.71875,0.614526706003411
run_0372,"COMPLETED
",Qwen2.5-3B,FP16,SUMM_LONG,10083,,0.25,2.13,82.49117647058823,6127.71875,0.5488489518391144
run_0382,"COMPLETED
",Qwen2.5-3B,FP16,SUMM_LONG,6581,,0.1505376344086021,2.01,82.83132530120481,6127.71875,0.1651366032885543
run_0406,"COMPLETED
",Qwen2.5-3B,FP16,SUMM_LONG,760,0.0,,2.28,73.22739361702128,6127.71875,0.3598184035873967
run_0449,"COMPLETED
",Qwen2.5-3B,FP16,SUMM_LONG,3354,,0.08,2.12,81.83035714285714,6127.71875,1.0492894801723778
run_0464,"COMPLETED
",Qwen2.5-3B,FP16,SUMM_LONG,3312,0.4,,2.25,80.62873134328358,6127.71875,0.2597512476260692
run_0556,"COMPLETED
",Qwen2.5-3B,FP16,SUMM_LONG,10348,,0.2857142857142857,2.16,79.74444444444444,6127.71875,0.2902555076338018
run_0559,"COMPLETED
",Qwen2.5-3B,FP16,SUMM_LONG,1728,1.0,,1.99,83.10692771084338,6127.71875,0.4921380620619731
run_0562,"COMPLETED
",Qwen2.5-3B,FP16,SUMM_LONG,3552,,0.2121212121212121,2.0,79.98719879518072,6127.71875,0.4890369015827913
run_0619,"COMPLETED
",Qwen2.5-3B,FP16,SUMM_LONG,6909,1.0,,2.0,83.04521276595744,6127.06640625,0.3888632327016391
run_0621,"COMPLETED
",Qwen2.5-3B,FP16,SUMM_LONG,1324,,0.0888888888888888,2.24,76.21875,6127.06640625,0.4111738582047305
run_0639,"COMPLETED
",Qwen2.5-3B,FP16,SUMM_LONG,4430,,0.1470588235294117,2.06,81.1766975308642,6127.06640625,0.2107227975375551
run_0693,"COMPLETED
",Qwen2.5-3B,FP16,SUMM_LONG,10269,0.5333333333333333,,2.04,80.0015625,6127.1953125,0.7775704700436101
run_0727,"COMPLETED
",Qwen2.5-3B,FP16,SUMM_LONG,8714,0.1538461538461538,,2.01,80.93133802816901,6127.1953125,0.3627362835176024
run_0754,"COMPLETED
",Qwen2.5-3B,FP16,SUMM_LONG,10139,,0.1176470588235293,1.95,82.1025,6127.1953125,0.4582288330336151
run_0860,"COMPLETED
",Qwen2.5-3B,FP16,SUMM_LONG,3947,,0.2352941176470588,2.23,77.31451612903226,6127.21484375,0.2765297649679559
run_0862,"COMPLETED
",Qwen2.5-3B,FP16,SUMM_LONG,2231,0.8333333333333334,,2.24,80.4283088235294,6127.21484375,0.7788102520710785
run_0884,"COMPLETED
",Qwen2.5-3B,FP16,SUMM_LONG,3865,0.0,,2.07,85.82680722891567,6127.21484375,0.4996775050440682
run_0893,"COMPLETED
",Qwen2.5-3B,FP16,SUMM_LONG,6801,0.0,,2.22,74.74877450980392,6127.21484375,0.2855380621418822
run_0901,"COMPLETED
",Qwen2.5-3B,FP16,SUMM_LONG,9765,,0.2222222222222222,2.23,83.70238095238095,6127.21484375,0.2560042377750399
run_0152,"COMPLETED
",Qwen2.5-3B,FP16,QA,5668,,0.2,2.12,81.4826923076923,6127.60546875,1.3442140238292877
run_0248,"COMPLETED
",Qwen2.5-3B,FP16,QA,4840,,0.1846153846153845,2.15,82.75204918032787,6127.60546875,0.9127501024417478
run_0270,"COMPLETED
",Qwen2.5-3B,FP16,QA,9116,,0.0533333333333333,2.04,81.20861486486487,6127.6484375,0.8104695024037764
run_0415,"COMPLETED
",Qwen2.5-3B,FP16,QA,8100,,0.1333333333333333,2.16,84.38715277777777,6127.71875,0.8412301835179845
run_0461,"COMPLETED
",Qwen2.5-3B,FP16,QA,7916,0.4,,2.17,77.64338235294117,6127.71875,1.0760608333047157
run_0576,"COMPLETED
",Qwen2.5-3B,FP16,QA,8199,0.1666666666666666,,2.18,77.21180555555556,6127.71875,1.361726284297034
run_0597,"COMPLETED
",Qwen2.5-3B,FP16,QA,1561,,0.1142857142857142,2.22,83.99253731343283,6127.71875,1.5109887891525444
run_0625,"COMPLETED
",Qwen2.5-3B,FP16,QA,8861,0.0,,2.08,80.7080078125,6127.06640625,1.703681514260094
run_0080,"COMPLETED
",Qwen2.5-3B,INT4,SUMM_LONG,3312,,0.0392156862745097,6.99,73.11057692307692,3414.16796875,0.1333089612445044
run_0082,"COMPLETED
",Qwen2.5-3B,INT4,SUMM_SHORT,5521,,0.0967741935483871,6.8,75.625,3414.16796875,0.5358420917683651
run_0109,"COMPLETED
",Qwen2.5-3B,INT4,SUMM_SHORT,7744,,0.25,7.02,75.0100806451613,3414.16796875,0.2726212986026362
run_0117,"COMPLETED
",Qwen2.5-3B,INT4,QA,8043,,0.1454545454545454,6.82,67.20138888888889,3414.16796875,0.4976859895545346
run_0129,"COMPLETED
",Qwen2.5-3B,INT4,SUMM_SHORT,1637,0.3529411764705882,,5.9,70.8825,3414.20703125,0.4221264415960593
run_0131,"COMPLETED
",Qwen2.5-3B,INT4,SUMM_LONG,4792,,0.2,5.74,75.67434210526316,3414.20703125,0.3023633617537333
run_0150,"COMPLETED
",Qwen2.5-3B,INT4,SUMM_SHORT,2562,,0.2352941176470588,6.57,57.29326923076923,3414.20703125,0.167039116999947
run_0190,"COMPLETED
",Qwen2.5-3B,INT4,SUMM_LONG,2475,,0.1578947368421052,5.36,77.41158536585365,3414.20703125,0.291944844171028
run_0212,"COMPLETED
",Qwen2.5-3B,INT4,SUMM_LONG,3211,0.0,,6.09,71.77916666666667,3414.20703125,0.1729495004836431
run_0231,"COMPLETED
",Qwen2.5-3B,INT4,SUMM_LONG,4927,,0.1891891891891891,5.95,73.85304054054055,3414.26953125,0.0188347276753511
run_0234,"COMPLETED
",Qwen2.5-3B,INT4,SUMM_LONG,170,0.6666666666666666,,6.59,62.6125,3414.26953125,0.1204229923602131
run_0241,"COMPLETED
",Qwen2.5-3B,INT4,QA,8412,0.0,,6.48,68.25,3414.26953125,0.030094607385537
run_0242,"COMPLETED
",Qwen2.5-3B,INT4,SUMM_LONG,10269,,0.1666666666666666,6.11,76.16796875,3414.26953125,0.1708908020385535
run_0256,"COMPLETED
",Qwen2.5-3B,INT4,SUMM_LONG,6611,,0.1794871794871795,5.98,73.30288461538461,3414.26953125,0.1636865231755328
run_0258,"COMPLETED
",Qwen2.5-3B,INT4,SUMM_SHORT,4012,,0.2117647058823529,5.93,72.11666666666666,3414.26953125,0.222359728768787
run_0272,"COMPLETED
",Qwen2.5-3B,INT4,SUMM_LONG,2421,0.3529411764705882,,5.69,75.45643939393939,3414.26953125,0.1548440772693628
run_0275,"COMPLETED
",Qwen2.5-3B,INT4,QA,9657,,0.0824742268041237,5.9,78.6282894736842,3414.26953125,0.3040747578640168
run_0284,"COMPLETED
",Qwen2.5-3B,INT4,SUMM_SHORT,10204,1.0,,5.98,75.279296875,3414.26953125,0.0289764279501429
run_0288,"COMPLETED
",Qwen2.5-3B,INT4,SUMM_LONG,7612,,0.2352941176470588,6.49,66.93452380952381,3414.28515625,0.0115867334147666
run_0325,"COMPLETED
",Qwen2.5-3B,INT4,SUMM_LONG,7908,,0.2153846153846154,5.72,74.05555555555556,3414.28515625,0.0163706512838972
run_0357,"COMPLETED
",Qwen2.5-3B,INT4,SUMM_SHORT,8908,1.0,,5.99,76.435546875,3414.28515625,0.4044988901955064
run_0358,"COMPLETED
",Qwen2.5-3B,INT4,SUMM_SHORT,3441,,0.1538461538461538,5.59,73.771484375,3414.28515625,0.038275594237444
run_0362,"COMPLETED
",Qwen2.5-3B,INT4,SUMM_LONG,6581,1.0,,5.88,73.5404411764706,3414.28515625,0.1678341233294797
run_0364,"COMPLETED
",Qwen2.5-3B,INT4,SUMM_LONG,6609,,0.175,6.67,63.15625,3414.28515625,0.0134562201016122
run_0373,"COMPLETED
",Qwen2.5-3B,INT4,SUMM_LONG,8671,,0.3492063492063492,5.98,73.71780303030303,3414.28515625,0.166182049343319
run_0380,"COMPLETED
",Qwen2.5-3B,INT4,SUMM_LONG,3551,,0.0425531914893617,6.17,72.1875,3414.28515625,0.1318715746400242
run_0385,"COMPLETED
",Qwen2.5-3B,INT4,SUMM_LONG,2231,0.4,,6.09,69.92129629629629,3414.28515625,0.0168094212866623
run_0405,"COMPLETED
",Qwen2.5-3B,INT4,QA,5668,,0.0526315789473684,5.84,76.24632352941177,3414.296875,0.1746675240504556
run_0423,"COMPLETED
",Qwen2.5-3B,INT4,SUMM_SHORT,2089,,0.1290322580645161,6.04,73.578125,3414.296875,0.1827401733198784
run_0447,"COMPLETED
",Qwen2.5-3B,INT4,SUMM_LONG,2184,,0.175,5.95,72.59642857142858,3414.296875,0.2866094801442375
run_0448,"COMPLETED
",Qwen2.5-3B,INT4,SUMM_SHORT,9959,1.0,,6.12,68.66927083333333,3414.296875,0.3367955775411352
run_0486,"COMPLETED
",Qwen2.5-3B,INT4,SUMM_SHORT,474,,0.125,6.71,57.114583333333336,3414.296875,0.0101139325495737
run_0487,"COMPLETED
",Qwen2.5-3B,INT4,SUMM_SHORT,5807,,0.2608695652173913,6.3,67.05208333333333,3414.296875,0.2035645950368871
run_0496,"COMPLETED
",Qwen2.5-3B,INT4,SUMM_SHORT,6732,,0.0919540229885057,6.94,57.96875,3414.296875,0.3629402318877961
run_0513,"COMPLETED
",Qwen2.5-3B,INT4,QA,7244,,0.3272727272727272,5.91,76.48035714285714,3414.296875,0.628062672161598
run_0522,"COMPLETED
",Qwen2.5-3B,INT4,SUMM_LONG,6026,,0.1647058823529411,6.05,72.25431034482759,3414.30859375,0.0179964040740952
run_0539,"COMPLETED
",Qwen2.5-3B,INT4,SUMM_SHORT,9893,,0.1,6.6,58.00859375,3414.30859375,0.1814481163441266
run_0545,"COMPLETED
",Qwen2.5-3B,INT4,SUMM_SHORT,1506,1.0,,6.04,73.71572580645162,3414.26171875,0.2500887851898782
run_0550,"COMPLETED
",Qwen2.5-3B,INT4,SUMM_SHORT,1786,1.0,,5.78,76.07421875,3414.26171875,0.2169199788011759
run_0574,"COMPLETED
",Qwen2.5-3B,INT4,SUMM_SHORT,8759,1.0,,5.98,76.015625,3414.26171875,0.0268583051432032
run_0586,"COMPLETED
",Qwen2.5-3B,INT4,SUMM_SHORT,3752,,0.1142857142857142,6.93,58.645833333333336,3414.26171875,0.0080441905963204
run_0591,"COMPLETED
",Qwen2.5-3B,INT4,SUMM_SHORT,385,,0.2142857142857142,5.88,73.68939393939394,3414.26171875,0.0204358952994242
run_0600,"COMPLETED
",Qwen2.5-3B,INT4,SUMM_LONG,1324,0.0,,6.36,72.5275,3414.26171875,0.1200224112112425
run_0620,"COMPLETED
",Qwen2.5-3B,INT4,SUMM_SHORT,8604,,0.1290322580645161,6.37,68.99728260869566,3414.26171875,0.299761746688398
run_0627,"COMPLETED
",Qwen2.5-3B,INT4,QA,8199,,0.1904761904761905,6.53,61.27734375,3414.26171875,0.5367168358183072
run_0636,"COMPLETED
",Qwen2.5-3B,INT4,SUMM_LONG,3947,0.0,,6.2,70.60576923076923,3414.31640625,0.4129424594754495
run_0646,"COMPLETED
",Qwen2.5-3B,INT4,QA,3014,,0.116504854368932,5.94,74.46484375,3414.31640625,0.3548430888489074
run_0664,"COMPLETED
",Qwen2.5-3B,INT4,SUMM_LONG,9685,0.125,,6.14,67.91586538461539,3414.31640625,0.1280937856015462
run_0667,"COMPLETED
",Qwen2.5-3B,INT4,SUMM_LONG,8657,,0.0377358490566037,5.94,78.67147435897436,3414.31640625,0.2395108818566316
run_0682,"COMPLETED
",Qwen2.5-3B,INT4,SUMM_SHORT,3832,,0.1627906976744186,6.28,69.7827380952381,3414.31640625,0.2614975341986628
run_0723,"COMPLETED
",Qwen2.5-3B,INT4,SUMM_SHORT,2710,,0.054054054054054,6.74,63.2125,3414.31640625,0.0264340086105344
run_0748,"COMPLETED
",Qwen2.5-3B,INT4,SUMM_LONG,680,,0.1839080459770115,6.15,70.0264423076923,3414.31640625,0.328349812468225
run_0761,"COMPLETED
",Qwen2.5-3B,INT4,SUMM_SHORT,6020,0.25,,5.79,76.05113636363636,3414.31640625,0.2727283788110223
run_0769,"COMPLETED
",Qwen2.5-3B,INT4,SUMM_SHORT,1617,,0.0754716981132075,5.78,74.53225806451613,3414.3515625,0.0339124687252549
run_0770,"COMPLETED
",Qwen2.5-3B,INT4,SUMM_SHORT,5113,0.8333333333333334,,6.76,63.4125,3414.3515625,0.0253324617392726
run_0775,"COMPLETED
",Qwen2.5-3B,INT4,SUMM_SHORT,672,,0.3673469387755102,5.87,75.263671875,3414.3515625,0.1860564275527188
run_0778,"COMPLETED
",Qwen2.5-3B,INT4,SUMM_LONG,10348,,0.3181818181818182,6.5,65.22222222222223,3414.3515625,0.0085275600673041
run_0808,"COMPLETED
",Qwen2.5-3B,INT4,SUMM_LONG,3865,,0.2142857142857142,5.84,75.23863636363636,3414.3515625,0.4436028028058674
run_0835,"COMPLETED
",Qwen2.5-3B,INT4,SUMM_LONG,6909,,0.3333333333333333,5.89,77.0945945945946,3414.3515625,0.020521870283597
run_0843,"COMPLETED
",Qwen2.5-3B,INT4,SUMM_LONG,1322,1.0,,5.79,67.9725,3414.3515625,0.3099920393565905
run_0844,"COMPLETED
",Qwen2.5-3B,INT4,SUMM_LONG,1728,,0.2352941176470588,5.87,75.70884146341463,3414.3515625,0.1489476447547766
run_0850,"COMPLETED
",Qwen2.5-3B,INT4,SUMM_LONG,10139,1.0,,5.84,78.53289473684211,3414.3515625,0.5150112022465041
run_0013,"COMPLETED
",Qwen2.5-3B,INT8,SUMM_LONG,10083,,0.3333333333333333,4.84,84.65330188679245,3363.0859375,0.2614037944518041
run_0016,"COMPLETED
",Qwen2.5-3B,INT8,SUMM_LONG,6611,,0.1176470588235294,4.84,77.625,3363.0859375,0.0214193606880365
run_0022,"COMPLETED
",Qwen2.5-3B,INT8,SUMM_LONG,8714,0.0,,4.58,82.54261363636364,3363.0859375,0.1777178015020566
run_0024,"COMPLETED
",Qwen2.5-3B,INT8,SUMM_SHORT,6541,,0.12,3.95,83.5075,3363.0859375,1.0253039948488256
run_0042,"COMPLETED
",Qwen2.5-3B,INT8,SUMM_LONG,1728,,0.0923076923076923,3.91,83.35227272727273,3363.0859375,0.13848481989202
run_0048,"COMPLETED
",Qwen2.5-3B,INT8,SUMM_SHORT,1617,0.0,,3.83,84.37053571428571,3363.0859375,0.3110754051043072
run_0066,"COMPLETED
",Qwen2.5-3B,INT8,SUMM_LONG,6026,,0.2040816326530612,3.94,79.35277777777777,3363.0859375,0.1406799858395841
run_0084,"COMPLETED
",Qwen2.5-3B,INT8,SUMM_LONG,4996,,0.0392156862745098,4.0,80.24404761904762,3363.25,0.1944602933334492
run_0087,"COMPLETED
",Qwen2.5-3B,INT8,SUMM_LONG,2184,,0.1159420289855072,3.83,85.4186507936508,3363.25,0.2329899416718766
run_0092,"COMPLETED
",Qwen2.5-3B,INT8,SUMM_LONG,7612,,0.1538461538461538,3.96,80.425,3363.25,0.1823964139867923
run_0102,"COMPLETED
",Qwen2.5-3B,INT8,SUMM_LONG,2321,0.2,,3.84,84.78232758620689,3363.25,0.5507163047987643
run_0105,"COMPLETED
",Qwen2.5-3B,INT8,SUMM_LONG,10138,1.0,,3.89,82.04261363636364,3363.25,0.0133501857610819
run_0127,"COMPLETED
",Qwen2.5-3B,INT8,SUMM_LONG,3865,,0.1176470588235294,3.75,82.0327868852459,3363.25,0.1761623287776346
run_0132,"COMPLETED
",Qwen2.5-3B,INT8,SUMM_SHORT,4048,0.0,,3.84,80.54310344827586,3363.359375,0.3233205700305411
run_0136,"COMPLETED
",Qwen2.5-3B,INT8,SUMM_LONG,6909,,0.2295081967213114,3.89,84.97348484848484,3363.359375,0.224832672201449
run_0168,"COMPLETED
",Qwen2.5-3B,INT8,QA,2182,,0.1518987341772152,3.84,79.80188679245283,3363.359375,0.8737658806828735
run_0170,"COMPLETED
",Qwen2.5-3B,INT8,SUMM_SHORT,7174,0.5,,3.78,81.29427083333333,3363.359375,0.5743601951795319
run_0205,"COMPLETED
",Qwen2.5-3B,INT8,SUMM_SHORT,385,,0.1599999999999999,3.91,81.97115384615384,3363.359375,0.1787472313757614
run_0238,"COMPLETED
",Qwen2.5-3B,INT8,QA,3014,0.2,,3.83,83.26886792452831,3363.375,0.2004049997038681
run_0243,"COMPLETED
",Qwen2.5-3B,INT8,SUMM_LONG,3312,,0.1132075471698113,3.86,82.84558823529412,3363.375,0.1797711188712518
run_0249,"COMPLETED
",Qwen2.5-3B,INT8,SUMM_SHORT,632,,0.0425531914893617,3.8,81.36224489795919,3363.375,0.0473358810156023
run_0267,"COMPLETED
",Qwen2.5-3B,INT8,SUMM_LONG,9685,,0.2307692307692308,4.0,77.3173076923077,3363.375,0.0296691777280042
run_0269,"COMPLETED
",Qwen2.5-3B,INT8,SUMM_SHORT,4627,0.0,,3.94,72.38362068965517,3363.375,0.2698035432860601
run_0286,"COMPLETED
",Qwen2.5-3B,INT8,SUMM_SHORT,6000,,0.0821917808219178,3.93,80.68080357142857,3363.375,0.6068383888027276
run_0319,"COMPLETED
",Qwen2.5-3B,INT8,QA,6521,,0.032258064516129,4.39,76.7125,3363.375,1.1900556677114789
run_0326,"COMPLETED
",Qwen2.5-3B,INT8,SUMM_LONG,2421,,0.108695652173913,3.86,80.81590909090909,3363.375,0.2716644460503262
run_0347,"COMPLETED
",Qwen2.5-3B,INT8,SUMM_SHORT,1637,,0.0714285714285714,4.0,83.37771739130434,3363.375,0.2246362392481393
run_0350,"COMPLETED
",Qwen2.5-3B,INT8,SUMM_LONG,6801,,0.1518987341772152,4.04,78.27272727272727,3363.375,0.0165206959906038
run_0379,"COMPLETED
",Qwen2.5-3B,INT8,SUMM_LONG,925,,0.2666666666666666,4.02,81.42948717948718,3363.390625,0.2617709251113722
run_0383,"COMPLETED
",Qwen2.5-3B,INT8,SUMM_SHORT,6020,,0.1558441558441558,4.1,83.11989795918367,3363.390625,0.7679785911381684
run_0401,"COMPLETED
",Qwen2.5-3B,INT8,QA,6952,,0.1935483870967742,3.84,72.75,3363.390625,0.7557464561955042
run_0403,"COMPLETED
",Qwen2.5-3B,INT8,SUMM_SHORT,9893,,0.196078431372549,3.69,78.83467741935483,3363.234375,0.0328691659001837
run_0407,"COMPLETED
",Qwen2.5-3B,INT8,SUMM_LONG,760,,0.0895522388059701,3.97,79.3219696969697,3363.234375,0.0168419735734463
run_0420,"COMPLETED
",Qwen2.5-3B,INT8,SUMM_LONG,4927,,0.2465753424657534,3.88,82.105,3363.234375,0.6814514534625544
run_0442,"COMPLETED
",Qwen2.5-3B,INT8,SUMM_LONG,2988,,0.074074074074074,3.92,81.48684210526316,3363.42578125,0.1774856028395089
run_0450,"COMPLETED
",Qwen2.5-3B,INT8,QA,1561,0.2,,4.07,84.91818181818182,3363.42578125,0.5415990334516243
run_0457,"COMPLETED
",Qwen2.5-3B,INT8,SUMM_LONG,3354,0.6666666666666666,,3.79,84.11864406779661,3363.42578125,0.5103218734975524
run_0462,"COMPLETED
",Qwen2.5-3B,INT8,SUMM_SHORT,672,,0.2641509433962264,3.91,81.1025,3363.62109375,0.5154642376407899
run_0499,"COMPLETED
",Qwen2.5-3B,INT8,SUMM_LONG,4792,,0.1666666666666666,3.91,82.50961538461539,3363.62109375,0.2836919568403651
run_0500,"COMPLETED
",Qwen2.5-3B,INT8,SUMM_SHORT,3752,,0.2241379310344827,4.08,74.984375,3363.62109375,0.333548749917521
run_0506,"COMPLETED
",Qwen2.5-3B,INT8,SUMM_SHORT,245,0.0238095238095238,,4.09,76.28804347826087,3363.62109375,0.5144120630408111
run_0521,"COMPLETED
",Qwen2.5-3B,INT8,SUMM_LONG,680,,0.2650602409638554,3.99,82.34011627906976,3363.6328125,0.5561630663513133
run_0523,"COMPLETED
",Qwen2.5-3B,INT8,SUMM_LONG,3051,,0.0952380952380952,3.83,82.13793103448276,3363.6328125,0.5473020530776279
run_0528,"COMPLETED
",Qwen2.5-3B,INT8,SUMM_LONG,170,,0.1666666666666666,3.94,73.33333333333333,3363.6328125,0.1757538240627948
run_0548,"COMPLETED
",Qwen2.5-3B,INT8,SUMM_SHORT,4418,1.0,,4.05,77.05729166666667,3363.6328125,0.1912912790560613
run_0568,"COMPLETED
",Qwen2.5-3B,INT8,SUMM_LONG,1322,,0.0689655172413793,3.96,81.83430232558139,3363.6328125,0.4519127231194135
run_0573,"COMPLETED
",Qwen2.5-3B,INT8,SUMM_LONG,3211,1.0,,4.02,80.3325,3363.6328125,0.4298737770348729
run_0575,"COMPLETED
",Qwen2.5-3B,INT8,SUMM_LONG,7908,0.2857142857142857,,3.9,81.77586206896552,3363.6328125,0.4694332487912931
run_0589,"COMPLETED
",Qwen2.5-3B,INT8,QA,8412,1.0,,3.66,78.52777777777777,3363.6484375,0.0645624460976942
run_0601,"COMPLETED
",Qwen2.5-3B,INT8,QA,5069,,0.1643835616438356,3.9,78.79166666666667,3363.6484375,0.0215095059329853
run_0612,"COMPLETED
",Qwen2.5-3B,INT8,SUMM_LONG,6609,0.2666666666666667,,4.19,77.5625,3363.6484375,0.240790334296428
run_0618,"COMPLETED
",Qwen2.5-3B,INT8,SUMM_SHORT,7354,,0.1,4.06,82.14795918367346,3363.6484375,0.6074264387473026
run_0626,"COMPLETED
",Qwen2.5-3B,INT8,QA,1050,,0.0727272727272727,3.95,79.88888888888889,3363.6484375,0.6755833005857229
run_0643,"COMPLETED
",Qwen2.5-3B,INT8,SUMM_SHORT,2562,,0.1379310344827586,4.19,72.4047619047619,3363.6484375,0.3438815578413953
run_0661,"COMPLETED
",Qwen2.5-3B,INT8,SUMM_SHORT,10204,0.6666666666666666,,4.02,82.140625,3363.6484375,1.1329044909486847
run_0665,"COMPLETED
",Qwen2.5-3B,INT8,SUMM_SHORT,6453,,0.2531645569620253,3.96,80.8925,3363.6484375,0.053483928363258
run_0670,"COMPLETED
",Qwen2.5-3B,INT8,SUMM_SHORT,9959,,0.1265822784810126,3.87,75.75337837837837,3363.6484375,0.6400457373084896
run_0685,"COMPLETED
",Qwen2.5-3B,INT8,SUMM_SHORT,8759,,0.2926829268292683,3.92,82.93055555555556,3363.6640625,0.2505133734272132
run_0738,"COMPLETED
",Qwen2.5-3B,INT8,SUMM_SHORT,5521,,0.1568627450980392,3.84,82.18409090909091,3363.6640625,0.954138349387766
run_0740,"COMPLETED
",Qwen2.5-3B,INT8,SUMM_SHORT,1411,,0.0851063829787234,4.04,83.23214285714286,3363.6640625,1.206509251477074
run_0772,"COMPLETED
",Qwen2.5-3B,INT8,SUMM_SHORT,1768,0.0,,3.98,76.93939393939394,3363.6640625,0.1778737671089575
run_0818,"COMPLETED
",Qwen2.5-3B,INT8,SUMM_SHORT,5807,0.0476190476190476,,4.02,80.03947368421052,3363.6640625,0.2244632713157525
run_0829,"COMPLETED
",Qwen2.5-3B,INT8,SUMM_SHORT,1786,0.0,,3.97,84.61458333333333,3363.6640625,0.2263216115201821
run_0857,"COMPLETED
",Qwen2.5-3B,INT8,SUMM_SHORT,7744,0.6666666666666666,,3.89,85.36342592592592,3363.6640625,0.179231867798743
run_0874,"COMPLETED
",Qwen2.5-3B,INT8,SUMM_SHORT,4091,,0.0888888888888888,3.99,77.58223684210526,3363.6640625,0.0228720381476761
run_0112,"COMPLETED
",LLaMA-2-3B,INT4,SUMM_SHORT,4969,,0.0799999999999999,5.39,74.9390625,3705.28125,0.4616118798785782
run_0148,"COMPLETED
",LLaMA-2-3B,INT4,SUMM_SHORT,6000,,0.1666666666666666,5.15,73.03365384615384,3705.1875,0.3786616576197152
run_0180,"COMPLETED
",LLaMA-2-3B,INT4,SUMM_SHORT,7174,,0.15625,5.42,70.5625,3705.1875,0.2541214688699502
run_0193,"COMPLETED
",LLaMA-2-3B,INT4,SUMM_SHORT,6453,,0.1904761904761905,5.42,72.32440476190476,3705.33984375,0.2863109368926278
run_0211,"COMPLETED
",LLaMA-2-3B,INT4,SUMM_SHORT,2089,0.0,,5.69,71.94556451612904,3705.33984375,0.0221170275842824
run_0274,"COMPLETED
",LLaMA-2-3B,INT4,SUMM_SHORT,8502,,0.2,5.64,69.86931818181819,3705.33984375,0.0184358594023697
run_0279,"COMPLETED
",LLaMA-2-3B,INT4,SUMM_SHORT,1506,0.4444444444444445,,5.56,73.50160256410257,3705.33984375,0.1776401991897274
run_0281,"COMPLETED
",LLaMA-2-3B,INT4,SUMM_SHORT,3832,0.2857142857142857,,5.6,67.59166666666667,3705.3515625,0.1610866017255024
run_0289,"COMPLETED
",LLaMA-2-3B,INT4,SUMM_SHORT,5113,,0.3571428571428571,6.09,62.796875,3705.36328125,0.2637931698691254
run_0346,"COMPLETED
",LLaMA-2-3B,INT4,SUMM_SHORT,9959,,0.2444444444444444,5.66,65.48928571428571,3705.3984375,0.1508260265017149
run_0409,"COMPLETED
",LLaMA-2-3B,INT4,SUMM_SHORT,1786,,0.1707317073170731,5.52,70.0,3705.3984375,0.023989625125991
run_0440,"COMPLETED
",LLaMA-2-3B,INT4,SUMM_SHORT,4012,,0.1643835616438356,5.4,70.38,3705.41015625,0.5054913139872478
run_0441,"COMPLETED
",LLaMA-2-3B,INT4,SUMM_SHORT,1535,1.0,,5.49,72.34447674418605,3705.41015625,0.0221856752021876
run_0452,"COMPLETED
",LLaMA-2-3B,INT4,SUMM_SHORT,8604,0.0,,5.58,68.71982758620689,3705.41015625,0.1762675344983522
run_0503,"COMPLETED
",LLaMA-2-3B,INT4,SUMM_SHORT,2710,,0.3272727272727272,6.19,61.51973684210526,3705.41015625,0.1391843405907361
run_0546,"COMPLETED
",LLaMA-2-3B,INT4,SUMM_SHORT,7354,0.1176470588235294,,5.06,74.25,3705.421875,0.1719097793865425
run_0564,"COMPLETED
",LLaMA-2-3B,INT4,SUMM_SHORT,7728,,0.2,6.07,60.45723684210526,3705.421875,0.1415294605880135
run_0649,"COMPLETED
",LLaMA-2-3B,INT4,SUMM_SHORT,1617,,0.074074074074074,5.52,70.29647435897436,3705.421875,0.2859503498456383
run_0672,"COMPLETED
",LLaMA-2-3B,INT4,SUMM_SHORT,385,,0.2285714285714286,5.25,73.74177631578948,3705.44140625,0.1672565143421396
run_0677,"COMPLETED
",LLaMA-2-3B,INT4,SUMM_SHORT,4627,,0.1666666666666666,5.82,65.2025,3705.44140625,0.1381718894079041
run_0093,"COMPLETED
",LLaMA-2-3B,INT4,SUMM_LONG,3553,1.0,,6.03,74.39144736842105,3705.203125,0.1988517861482008
run_0106,"COMPLETED
",LLaMA-2-3B,INT4,SUMM_LONG,10139,,0.1647058823529411,4.6,78.55654761904762,3705.203125,0.2616397239789867
run_0111,"COMPLETED
",LLaMA-2-3B,INT4,SUMM_LONG,8714,,0.1025641025641025,5.59,72.26286764705883,3705.28125,0.1115941543582772
run_0121,"COMPLETED
",LLaMA-2-3B,INT4,SUMM_LONG,2988,0.3636363636363636,,5.71,70.22629310344827,3705.28125,0.127462419011615
run_0138,"COMPLETED
",LLaMA-2-3B,INT4,SUMM_LONG,4927,,0.1864406779661017,5.36,74.69642857142857,3705.28125,0.2681680645862231
run_0165,"COMPLETED
",LLaMA-2-3B,INT4,SUMM_LONG,3209,,0.1599999999999999,5.28,72.4234375,3705.1875,0.2934489880343477
run_0181,"COMPLETED
",LLaMA-2-3B,INT4,SUMM_LONG,3354,1.0,,5.48,73.55255681818181,3705.1875,0.217438408387075
run_0303,"COMPLETED
",LLaMA-2-3B,INT4,SUMM_LONG,8299,0.0,,5.82,67.37962962962963,3705.36328125,0.113205990790298
run_0321,"COMPLETED
",LLaMA-2-3B,INT4,SUMM_LONG,3865,0.4444444444444445,,5.39,74.88719512195122,3705.3984375,0.35325291628071
run_0349,"COMPLETED
",LLaMA-2-3B,INT4,SUMM_LONG,8671,,0.1219512195121951,5.51,75.34298780487805,3705.3984375,0.0169737807474376
run_0352,"COMPLETED
",LLaMA-2-3B,INT4,SUMM_LONG,925,0.0,,5.83,66.54629629629629,3705.3984375,0.2217233921736634
run_0371,"COMPLETED
",LLaMA-2-3B,INT4,SUMM_LONG,1324,,0.0666666666666666,5.65,67.89166666666667,3705.3984375,0.22191166608446
run_0412,"COMPLETED
",LLaMA-2-3B,INT4,SUMM_LONG,2321,,0.3389830508474576,5.35,73.0,3705.41015625,0.2043988053476382
run_0427,"COMPLETED
",LLaMA-2-3B,INT4,SUMM_LONG,6026,0.0,,5.66,70.7081081081081,3705.41015625,0.3081346149985016
run_0429,"COMPLETED
",LLaMA-2-3B,INT4,SUMM_LONG,3947,0.0555555555555555,,5.64,71.36964285714286,3705.41015625,0.2349842245826475
run_0476,"COMPLETED
",LLaMA-2-3B,INT4,SUMM_LONG,3051,,0.1428571428571428,5.37,76.92952127659575,3705.41015625,0.0921066671919441
run_0512,"COMPLETED
",LLaMA-2-3B,INT4,SUMM_LONG,6609,,0.1388888888888889,6.18,59.26875,3705.41015625,0.1195979002580862
run_0538,"COMPLETED
",LLaMA-2-3B,INT4,SUMM_LONG,2421,0.2857142857142857,,5.51,75.6891891891892,3705.421875,0.021517945683063
run_0540,"COMPLETED
",LLaMA-2-3B,INT4,SUMM_LONG,3312,,0.1568627450980392,5.63,73.00378787878788,3705.421875,0.1151221313574702
run_0560,"COMPLETED
",LLaMA-2-3B,INT4,SUMM_LONG,1728,,0.1123595505617977,5.56,71.36538461538461,3705.421875,0.2629930977825753
run_0582,"COMPLETED
",LLaMA-2-3B,INT4,SUMM_LONG,10269,,0.2068965517241379,5.32,71.91666666666667,3705.421875,0.0189441400806114
run_0590,"COMPLETED
",LLaMA-2-3B,INT4,SUMM_LONG,6611,,0.1489361702127659,5.58,72.63636363636364,3705.421875,0.1050106600332944
run_0651,"COMPLETED
",LLaMA-2-3B,INT4,SUMM_LONG,170,,0.3095238095238095,5.91,64.52777777777777,3705.43359375,0.0964354633275255
run_0683,"COMPLETED
",LLaMA-2-3B,INT4,SUMM_LONG,760,0.5555555555555556,,5.75,60.95454545454545,3705.44140625,0.0108318221178539
run_0089,"COMPLETED
",LLaMA-2-3B,INT4,QA,7289,,0.1194029850746268,6.18,73.77217741935483,3705.203125,0.6265475837236749
run_0184,"COMPLETED
",LLaMA-2-3B,INT4,QA,9657,,0.04,5.24,71.86458333333333,3705.32421875,0.607403171603795
run_0259,"COMPLETED
",LLaMA-2-3B,INT4,QA,4722,,0.144578313253012,5.65,69.18243243243244,3705.33984375,0.0597434365550203
run_0309,"COMPLETED
",LLaMA-2-3B,INT4,QA,5668,,0.2558139534883721,5.57,71.16428571428571,3705.3984375,0.4669036530668732
run_0360,"COMPLETED
",LLaMA-2-3B,INT4,QA,762,,0.1037037037037037,5.3,74.69256756756756,3705.3984375,0.3636937617281503
run_0378,"COMPLETED
",LLaMA-2-3B,INT4,QA,7244,,0.125,5.51,73.22697368421052,3705.3984375,0.4868249629673952
run_0653,"COMPLETED
",LLaMA-2-3B,INT4,QA,8861,,0.1724137931034482,5.54,72.04391891891892,3705.43359375,0.0187909931882393
run_0059,"COMPLETED
",LLaMA-2-3B,FP16,SUMM_SHORT,10204,,0.1363636363636363,1.91,79.42816091954023,6539.4453125,6.417822934087222
run_0065,"COMPLETED
",LLaMA-2-3B,FP16,SUMM_SHORT,1617,,0.04,1.87,80.40120967741936,6539.453125,5.760738178072517
run_0071,"COMPLETED
",LLaMA-2-3B,FP16,SUMM_SHORT,3832,0.6666666666666666,,1.95,77.59848484848484,6539.453125,3.82979529153213
run_0076,"COMPLETED
",LLaMA-2-3B,FP16,SUMM_SHORT,8908,,0.2465753424657534,1.9,80.03125,6539.5,4.950095534447783
run_0110,"COMPLETED
",LLaMA-2-3B,FP16,QA,8199,,0.2736842105263157,2.1,73.9796511627907,6539.671875,7.004310083678544
run_0126,"COMPLETED
",LLaMA-2-3B,FP16,SUMM_LONG,2475,,0.064516129032258,1.97,80.905,6539.671875,4.308391417428505
run_0140,"COMPLETED
",LLaMA-2-3B,FP16,SUMM_LONG,3312,1.0,,1.93,79.95727848101266,6539.671875,3.6755629626244968
run_0155,"COMPLETED
",LLaMA-2-3B,FP16,SUMM_LONG,10138,,0.1935483870967742,1.96,79.08561643835617,6539.671875,2.6257108862576657
run_0174,"COMPLETED
",LLaMA-2-3B,FP16,SUMM_SHORT,2710,,0.09375,2.15,71.70089285714286,6539.671875,3.332236139263125
run_0182,"COMPLETED
",LLaMA-2-3B,FP16,SUMM_SHORT,8759,,0.0666666666666666,1.87,81.09700520833333,6539.671875,6.050595658489731
run_0185,"COMPLETED
",LLaMA-2-3B,FP16,SUMM_LONG,3552,0.0,,1.88,78.50210674157303,6539.671875,4.02332347276613
run_0195,"COMPLETED
",LLaMA-2-3B,FP16,SUMM_LONG,4996,0.0,,1.94,77.07352941176471,6539.734375,3.2909236918940565
run_0197,"COMPLETED
",LLaMA-2-3B,FP16,SUMM_LONG,2421,,0.1176470588235294,1.9,78.81178977272727,6539.734375,3.892850705844293
run_0199,"COMPLETED
",LLaMA-2-3B,FP16,QA,762,,0.2295081967213114,1.86,78.89627659574468,6539.6953125,5.971947601955946
run_0213,"COMPLETED
",LLaMA-2-3B,FP16,QA,6521,0.1818181818181818,,1.7,73.11800847457627,6539.6953125,1.5995035928014496
run_0235,"COMPLETED
",LLaMA-2-3B,FP16,SUMM_LONG,3947,,0.1891891891891892,1.92,79.53201219512195,6539.6953125,0.172685305794333
run_0240,"COMPLETED
",LLaMA-2-3B,FP16,SUMM_SHORT,3928,,0.2201834862385321,1.81,78.80397727272727,6538.97265625,6.6319736167385965
run_0247,"COMPLETED
",LLaMA-2-3B,FP16,SUMM_SHORT,4418,1.0,,2.03,71.234375,6539.6953125,0.6929966316460058
run_0250,"COMPLETED
",LLaMA-2-3B,FP16,QA,9116,0.3636363636363636,,1.79,79.05929487179488,6539.6953125,2.1013945196768558
run_0268,"COMPLETED
",LLaMA-2-3B,FP16,SUMM_LONG,4927,0.6666666666666666,,1.88,80.958125,6539.6953125,0.4442043128655734
run_0295,"COMPLETED
",LLaMA-2-3B,FP16,SUMM_SHORT,7728,1.0,,2.07,70.46130952380952,6538.97265625,2.4439268949909136
run_0322,"COMPLETED
",LLaMA-2-3B,FP16,SUMM_SHORT,4091,0.5,,1.93,76.68958333333333,6539.78125,0.7589931685878364
run_0328,"COMPLETED
",LLaMA-2-3B,FP16,SUMM_SHORT,8502,,0.1818181818181818,1.9,78.18166666666667,6539.78125,0.7134311754108942
run_0336,"COMPLETED
",LLaMA-2-3B,FP16,SUMM_SHORT,6020,1.0,,1.87,81.65178571428571,6538.97265625,4.259546728553869
run_0338,"COMPLETED
",LLaMA-2-3B,FP16,SUMM_LONG,1728,0.6666666666666665,,1.88,79.72411616161617,6539.78125,0.2973679974144667
run_0341,"COMPLETED
",LLaMA-2-3B,FP16,SUMM_LONG,2321,,0.2444444444444445,1.85,79.88615196078432,6539.80859375,0.274196583589836
run_0355,"COMPLETED
",LLaMA-2-3B,FP16,SUMM_LONG,7828,1.0,,1.85,80.41756756756757,6539.80859375,0.446385723565086
run_0381,"COMPLETED
",LLaMA-2-3B,FP16,SUMM_SHORT,245,,0.1487603305785124,1.77,72.95370370370371,6538.97265625,2.960248132200346
run_0387,"COMPLETED
",LLaMA-2-3B,FP16,SUMM_SHORT,7354,,0.1132075471698113,1.91,80.51785714285714,6539.80859375,1.4592691789386327
run_0389,"COMPLETED
",LLaMA-2-3B,FP16,QA,8305,1.0,,1.91,75.61920289855072,6539.80859375,1.507456701662266
run_0417,"COMPLETED
",LLaMA-2-3B,FP16,SUMM_SHORT,385,,0.1702127659574468,1.89,81.23263888888889,6539.80859375,0.448417197020563
run_0418,"COMPLETED
",LLaMA-2-3B,FP16,SUMM_LONG,3211,1.0,,1.88,79.6256443298969,6539.80859375,0.4447486762076126
run_0421,"COMPLETED
",LLaMA-2-3B,FP16,SUMM_SHORT,474,0.0,,1.95,72.00297619047619,6538.97265625,2.407113060118874
run_0428,"COMPLETED
",LLaMA-2-3B,FP16,QA,2106,,0.1149425287356322,1.93,77.24691358024691,6539.80859375,3.682962112717748
run_0436,"COMPLETED
",LLaMA-2-3B,FP16,SUMM_SHORT,9893,,0.1311475409836065,2.23,75.49864130434783,6538.97265625,1.9102424333617296
run_0463,"COMPLETED
",LLaMA-2-3B,FP16,SUMM_SHORT,6813,0.8333333333333334,,2.14,74.52083333333333,6539.83203125,0.5120171027475182
run_0469,"COMPLETED
",LLaMA-2-3B,FP16,QA,8100,,0.1304347826086956,1.89,79.60252808988764,6539.83203125,1.449036176009334
run_0474,"COMPLETED
",LLaMA-2-3B,FP16,SUMM_LONG,2988,,0.1123595505617977,1.85,81.43836805555556,6538.97265625,3.371738819951541
run_0480,"COMPLETED
",LLaMA-2-3B,FP16,QA,4722,,0.2142857142857142,1.9,79.16071428571429,6539.83203125,0.5981982686096823
run_0490,"COMPLETED
",LLaMA-2-3B,FP16,SUMM_LONG,3354,,0.1509433962264151,1.85,81.95327669902913,6539.0234375,4.464600574936057
run_0493,"COMPLETED
",LLaMA-2-3B,FP16,SUMM_SHORT,7174,,0.2424242424242424,1.96,79.58651685393258,6539.83203125,0.0402789315573734
run_0510,"COMPLETED
",LLaMA-2-3B,FP16,SUMM_LONG,8671,,0.1818181818181818,1.87,80.87316176470588,6539.83203125,0.4400139603836443
run_0557,"COMPLETED
",LLaMA-2-3B,FP16,SUMM_LONG,6611,,0.0555555555555555,2.12,80.19263698630137,6539.83203125,0.4688944329564533
run_0577,"COMPLETED
",LLaMA-2-3B,FP16,SUMM_LONG,6609,0.1739130434782609,,2.17,76.83533653846153,6539.83203125,0.5819417633157016
run_0592,"COMPLETED
",LLaMA-2-3B,FP16,QA,7289,,0.1842105263157895,2.1,79.09121621621621,6539.83203125,1.7519915674993554
run_0616,"COMPLETED
",LLaMA-2-3B,FP16,SUMM_SHORT,672,,0.123076923076923,1.87,79.57579787234043,6539.0234375,4.895325928466426
run_0628,"COMPLETED
",LLaMA-2-3B,FP16,SUMM_LONG,10348,1.0,,2.12,75.22671568627452,6539.8515625,0.1521482915491323
run_0637,"COMPLETED
",LLaMA-2-3B,FP16,QA,3572,,0.2298850574712643,2.07,78.2650974025974,6539.8515625,0.627169979361436
run_0647,"COMPLETED
",LLaMA-2-3B,FP16,SUMM_SHORT,1506,0.0,,2.09,81.05450581395348,6539.8515625,0.5922240455360704
run_0650,"COMPLETED
",LLaMA-2-3B,FP16,SUMM_SHORT,5113,,0.15625,1.93,73.06740196078431,6539.0234375,2.8730599615450383
run_0662,"COMPLETED
",LLaMA-2-3B,FP16,SUMM_LONG,6026,,0.1978021978021978,2.07,79.00205696202532,6539.7890625,0.3299716655903355
run_0666,"COMPLETED
",LLaMA-2-3B,FP16,QA,1050,0.0,,2.1,73.86642156862744,6539.7890625,0.5983432010209726
run_0676,"COMPLETED
",LLaMA-2-3B,FP16,SUMM_LONG,8299,,0.1176470588235294,2.12,77.8466796875,6539.7890625,0.4328390826186135
run_0709,"COMPLETED
",LLaMA-2-3B,FP16,SUMM_SHORT,4969,,0.135593220338983,1.85,80.54255319148936,6539.0234375,6.399559261972823
run_0715,"COMPLETED
",LLaMA-2-3B,FP16,SUMM_SHORT,1637,,0.2307692307692307,1.72,77.66235632183908,6539.7890625,0.6093423091994852
run_0717,"COMPLETED
",LLaMA-2-3B,FP16,SUMM_LONG,3551,1.0,,1.9,77.61691176470588,6539.7890625,0.2661064179170176
run_0718,"COMPLETED
",LLaMA-2-3B,FP16,QA,5943,,0.2127659574468085,2.06,79.18344155844156,6539.7890625,1.5322988424241593
run_0739,"COMPLETED
",LLaMA-2-3B,FP16,QA,1329,1.0,,2.12,79.22395833333333,6539.7890625,3.0581872500774274
run_0759,"COMPLETED
",LLaMA-2-3B,FP16,SUMM_LONG,170,,0.380952380952381,2.14,76.0548245614035,6539.7890625,0.161612269740303
run_0763,"COMPLETED
",LLaMA-2-3B,FP16,SUMM_LONG,680,1.0,,1.93,79.74916666666667,6539.0234375,3.629353867103201
run_0781,"COMPLETED
",LLaMA-2-3B,FP16,SUMM_LONG,2184,,0.3037974683544303,1.95,82.27792553191489,6539.7890625,0.2981159411408439
run_0787,"COMPLETED
",LLaMA-2-3B,FP16,SUMM_LONG,7908,,0.160919540229885,1.9,80.053125,6538.37109375,4.21160991282491
run_0788,"COMPLETED
",LLaMA-2-3B,FP16,SUMM_LONG,6070,,0.1518987341772151,1.91,78.91515151515152,6539.7890625,0.4048717320087265
run_0795,"COMPLETED
",LLaMA-2-3B,FP16,SUMM_LONG,2231,,0.1333333333333333,2.12,79.25595238095238,6539.7890625,0.4130729786988114
run_0796,"COMPLETED
",LLaMA-2-3B,FP16,SUMM_LONG,925,,0.3043478260869565,2.15,76.0,6539.7890625,0.4258142548841007
run_0031,"COMPLETED
",LLaMA-2-3B,INT8,SUMM_LONG,3553,0.0,,4.64,81.24234693877551,3663.76953125,0.2185631701439976
run_0040,"COMPLETED
",LLaMA-2-3B,INT8,SUMM_LONG,3947,,0.2258064516129032,4.67,78.37202380952381,3663.76953125,0.4534178423071344
run_0054,"COMPLETED
",LLaMA-2-3B,INT8,QA,8199,,0.2307692307692307,5.11,73.72619047619048,3663.76953125,0.0530726273302214
run_0055,"COMPLETED
",LLaMA-2-3B,INT8,SUMM_LONG,3354,1.0,,4.21,82.19298245614036,3663.76953125,0.1195960518458931
run_0072,"COMPLETED
",LLaMA-2-3B,INT8,QA,762,,0.0869565217391304,3.65,79.56818181818181,3663.76953125,0.3126810212702004
run_0075,"COMPLETED
",LLaMA-2-3B,INT8,SUMM_LONG,170,,0.04,3.9,75.265625,3663.76953125,0.3450976967443056
run_0077,"COMPLETED
",LLaMA-2-3B,INT8,SUMM_SHORT,385,,0.1311475409836065,3.76,83.04583333333333,3663.921875,0.5728747802441737
run_0078,"COMPLETED
",LLaMA-2-3B,INT8,SUMM_LONG,8657,0.0,,3.72,81.90350877192982,3663.97265625,0.5501945075828683
run_0086,"COMPLETED
",LLaMA-2-3B,INT8,SUMM_LONG,925,,0.0689655172413793,3.84,79.26420454545455,3663.97265625,0.1992943218237375
run_0096,"COMPLETED
",LLaMA-2-3B,INT8,SUMM_SHORT,3928,,0.2580645161290323,3.85,79.11904761904762,3663.97265625,0.0214307405084699
run_0100,"COMPLETED
",LLaMA-2-3B,INT8,SUMM_LONG,680,,0.1318681318681318,3.79,78.50260416666667,3663.97265625,0.4154622157708892
run_0107,"COMPLETED
",LLaMA-2-3B,INT8,SUMM_SHORT,1535,1.0,,3.64,82.79464285714286,3663.97265625,0.2676698371552165
run_0115,"COMPLETED
",LLaMA-2-3B,INT8,SUMM_LONG,6026,,0.136986301369863,3.63,77.08333333333333,3663.97265625,0.2993356857003445
run_0124,"COMPLETED
",LLaMA-2-3B,INT8,SUMM_SHORT,5807,0.6666666666666666,,3.79,78.88352272727273,3664.05078125,0.0289156177855145
run_0149,"COMPLETED
",LLaMA-2-3B,INT8,SUMM_LONG,2184,0.0,,3.65,80.13306451612904,3664.05078125,0.335509492845914
run_0162,"COMPLETED
",LLaMA-2-3B,INT8,SUMM_SHORT,2562,,0.1818181818181818,3.92,67.05787037037037,3664.05078125,0.2548821184348542
run_0166,"COMPLETED
",LLaMA-2-3B,INT8,SUMM_SHORT,1506,,0.048780487804878,3.75,83.06567796610169,3664.05078125,0.7620322070968817
run_0178,"COMPLETED
",LLaMA-2-3B,INT8,SUMM_LONG,9685,,0.0677966101694915,3.89,79.12372448979592,3664.05078125,0.3537215538192852
run_0183,"COMPLETED
",LLaMA-2-3B,INT8,SUMM_LONG,9765,,0.3728813559322034,3.71,81.42401960784314,3664.05078125,0.2120981383139865
run_0187,"COMPLETED
",LLaMA-2-3B,INT8,QA,3997,,0.1162790697674418,3.62,69.3,3664.05078125,0.1040139073427974
run_0191,"COMPLETED
",LLaMA-2-3B,INT8,SUMM_SHORT,1376,0.0,,3.75,79.625,3664.05078125,0.7088519250686555
run_0194,"COMPLETED
",LLaMA-2-3B,INT8,QA,7916,,0.2795698924731182,3.71,76.42013888888889,3664.05078125,0.6648554795585829
run_0200,"COMPLETED
",LLaMA-2-3B,INT8,SUMM_LONG,3051,,0.2539682539682539,3.62,82.66269841269842,3664.05078125,0.349117595188528
run_0203,"COMPLETED
",LLaMA-2-3B,INT8,QA,8861,,0.2702702702702703,3.75,77.16086065573771,3664.07421875,0.0443046042775072
run_0206,"COMPLETED
",LLaMA-2-3B,INT8,SUMM_LONG,10348,,0.2816901408450704,3.84,70.62673611111111,3664.07421875,0.2465794253216998
run_0224,"COMPLETED
",LLaMA-2-3B,INT8,SUMM_LONG,3209,0.2,,3.67,82.58686440677967,3664.07421875,0.3759656591997
run_0225,"COMPLETED
",LLaMA-2-3B,INT8,SUMM_LONG,7828,1.0,,3.61,83.23630136986301,3664.07421875,0.4202125346440322
run_0237,"COMPLETED
",LLaMA-2-3B,INT8,SUMM_SHORT,9893,0.6666666666666666,,3.94,71.89864864864865,3664.07421875,0.1686872428466724
run_0245,"COMPLETED
",LLaMA-2-3B,INT8,SUMM_LONG,8671,,0.0727272727272727,3.6,82.78601694915254,3664.07421875,0.2498825152575836
run_0253,"COMPLETED
",LLaMA-2-3B,INT8,SUMM_SHORT,6732,0.0,,3.91,72.64285714285714,3664.07421875,0.3244664079350765
run_0261,"COMPLETED
",LLaMA-2-3B,INT8,SUMM_LONG,760,0.0,,3.84,75.85546875,3664.07421875,0.1273774486983679
run_0310,"COMPLETED
",LLaMA-2-3B,INT8,SUMM_LONG,10269,,0.1052631578947368,3.55,82.36853448275862,3664.1796875,0.3632480333508203
run_0334,"COMPLETED
",LLaMA-2-3B,INT8,QA,3014,1.0,,3.67,81.2280701754386,3664.1796875,0.402875710496596
run_0344,"COMPLETED
",LLaMA-2-3B,INT8,SUMM_LONG,3865,1.0,,3.53,80.82459677419355,3664.1953125,0.3999817296952649
run_0370,"COMPLETED
",LLaMA-2-3B,INT8,SUMM_SHORT,1637,,0.144927536231884,3.73,80.89814814814815,3664.1953125,0.4806383990549219
run_0404,"COMPLETED
",LLaMA-2-3B,INT8,QA,5279,,0.3043478260869565,3.29,68.6413043478261,3664.1953125,0.0602424664726314
run_0410,"COMPLETED
",LLaMA-2-3B,INT8,SUMM_LONG,2988,,0.1025641025641025,3.87,77.38920454545455,3664.1953125,0.0212523376419584
run_0413,"COMPLETED
",LLaMA-2-3B,INT8,SUMM_LONG,7612,,0.2461538461538461,3.85,75.73809523809524,3664.1953125,0.0234981503961623
run_0437,"COMPLETED
",LLaMA-2-3B,INT8,SUMM_SHORT,9214,,0.3043478260869565,4.15,73.765625,3664.1953125,0.1639984644739432
run_0439,"COMPLETED
",LLaMA-2-3B,INT8,SUMM_SHORT,632,1.0,,3.61,81.03181818181818,3664.234375,0.3834898908348746
run_0458,"COMPLETED
",LLaMA-2-3B,INT8,SUMM_SHORT,2728,,0.2380952380952381,3.73,81.82407407407408,3664.234375,0.2102509194509967
run_0459,"COMPLETED
",LLaMA-2-3B,INT8,SUMM_SHORT,5521,,0.2028985507246377,3.26,80.30844155844156,3664.234375,0.4903112326675631
run_0472,"COMPLETED
",LLaMA-2-3B,INT8,SUMM_SHORT,672,,0.0597014925373134,3.56,78.505078125,3664.234375,0.4665321227231439
run_0498,"COMPLETED
",LLaMA-2-3B,INT8,SUMM_SHORT,6021,,0.1016949152542373,3.55,82.05625,3664.234375,0.8522203545806056
run_0515,"COMPLETED
",LLaMA-2-3B,INT8,SUMM_SHORT,8759,0.0,,3.6,83.30532786885246,3664.234375,0.337435637365012
run_0524,"COMPLETED
",LLaMA-2-3B,INT8,SUMM_SHORT,2089,,0.2247191011235955,3.76,78.12627551020408,3664.234375,0.3784308133139719
run_0547,"COMPLETED
",LLaMA-2-3B,INT8,SUMM_SHORT,3441,,0.2105263157894737,3.73,83.50431034482759,3664.23046875,0.3388281180764176
run_0558,"COMPLETED
",LLaMA-2-3B,INT8,SUMM_LONG,3552,0.0,,3.27,81.78442028985508,3664.23046875,0.3775283506018177
run_0563,"COMPLETED
",LLaMA-2-3B,INT8,SUMM_SHORT,6541,0.6666666666666666,,3.7,80.65104166666667,3664.23046875,0.3040641591276877
run_0565,"COMPLETED
",LLaMA-2-3B,INT8,SUMM_LONG,2231,,0.1212121212121212,3.7,78.74503968253968,3664.23046875,0.4325282391586206
run_0572,"COMPLETED
",LLaMA-2-3B,INT8,SUMM_LONG,6581,0.8,,3.6,82.08050847457628,3664.23046875,0.2665047892374292
run_0588,"COMPLETED
",LLaMA-2-3B,INT8,SUMM_SHORT,8502,,0.088235294117647,3.22,79.3662109375,3664.23046875,0.5595931301888061
run_0593,"COMPLETED
",LLaMA-2-3B,INT8,QA,8625,,0.2903225806451613,3.63,73.14285714285714,3664.23046875,0.4116525843086495
run_0599,"COMPLETED
",LLaMA-2-3B,INT8,SUMM_LONG,1324,,0.0701754385964912,3.83,75.83575581395348,3664.23046875,0.1517199676634102
run_0604,"COMPLETED
",LLaMA-2-3B,INT8,SUMM_SHORT,3752,,0.1038961038961038,3.64,70.38942307692308,3664.23046875,0.3520486871166694
run_0609,"COMPLETED
",LLaMA-2-3B,INT8,SUMM_LONG,4792,,0.1333333333333333,3.52,80.53461538461538,3664.265625,0.4137577261168491
run_0611,"COMPLETED
",LLaMA-2-3B,INT8,SUMM_LONG,3312,,0.282051282051282,3.33,76.79450757575758,3664.265625,0.4900419450688317
run_0634,"COMPLETED
",LLaMA-2-3B,INT8,SUMM_SHORT,474,0.0,,3.51,71.36486486486487,3664.265625,0.5141974477908547
run_0638,"COMPLETED
",LLaMA-2-3B,INT8,SUMM_SHORT,4048,,0.0851063829787234,3.64,80.9638671875,3664.265625,0.4589490541068001
run_0641,"COMPLETED
",LLaMA-2-3B,INT8,SUMM_SHORT,1617,,0.1066666666666666,3.22,77.5149647887324,3664.265625,0.4248011784867143
run_0656,"COMPLETED
",LLaMA-2-3B,INT8,SUMM_LONG,8299,0.25,,3.76,73.49901960784314,3664.265625,0.1314754307636277
run_0694,"COMPLETED
",LLaMA-2-3B,INT8,SUMM_LONG,7908,,0.1578947368421052,3.37,83.78,3664.265625,0.2111498308066542
run_0737,"COMPLETED
",LLaMA-2-3B,INT8,SUMM_SHORT,4627,,0.1626016260162601,3.4,74.36778846153847,3664.28515625,0.1702914228605891
run_0755,"COMPLETED
",LLaMA-2-3B,INT8,QA,5308,,0.125,3.71,76.25367647058823,3664.28515625,0.7684828681464785
run_0824,"COMPLETED
",LLaMA-2-3B,INT8,QA,5069,1.0,,3.84,71.75487804878048,3664.28515625,0.034650344883148
run_0834,"COMPLETED
",LLaMA-2-3B,INT8,QA,6521,,0.2045454545454545,3.74,74.81410256410257,3664.28515625,0.3124280788594054
run_0854,"COMPLETED
",LLaMA-2-3B,INT8,QA,5361,,0.2333333333333333,3.73,73.9375,3664.28515625,0.0672633194042454
run_0010,"COMPLETED
",Falcon-3B,FP16,SUMM_SHORT,4048,,0.2307692307692308,3.18,83.25721153846153,6503.48046875,0.4630006292238641
run_0020,"COMPLETED
",Falcon-3B,FP16,SUMM_LONG,10348,,0.3076923076923076,3.38,75.39772727272727,6503.48046875,0.0261405027489822
run_0030,"COMPLETED
",Falcon-3B,FP16,SUMM_LONG,170,1.0,,3.39,75.421875,6503.48046875,0.0734068764729086
run_0032,"COMPLETED
",Falcon-3B,FP16,QA,8015,,0.2033898305084745,2.89,71.5592105263158,6503.48046875,1.9577981366566877
run_0050,"COMPLETED
",Falcon-3B,FP16,SUMM_LONG,7612,1.0,,2.81,77.97321428571429,6503.48046875,0.3401215849936385
run_0056,"COMPLETED
",Falcon-3B,FP16,SUMM_LONG,1324,,0.0571428571428571,2.81,76.97058823529412,6503.48046875,0.6578137873426495
run_0057,"COMPLETED
",Falcon-3B,FP16,SUMM_SHORT,9893,,0.2941176470588235,2.49,76.20564516129032,6503.48046875,0.2214555921927601
run_0090,"COMPLETED
",Falcon-3B,FP16,SUMM_LONG,760,1.0,,2.53,77.02083333333333,6503.61328125,0.3256242842199919
run_0097,"COMPLETED
",Falcon-3B,FP16,QA,4840,,0.175438596491228,2.12,80.75,6503.61328125,0.8482132358141503
run_0141,"COMPLETED
",Falcon-3B,FP16,SUMM_LONG,6070,,0.1951219512195122,2.15,81.35015060240964,6503.61328125,1.3301266458019692
run_0144,"COMPLETED
",Falcon-3B,FP16,SUMM_SHORT,1637,1.0,,2.23,80.11488970588235,6503.61328125,1.6444330970587475
run_0145,"COMPLETED
",Falcon-3B,FP16,SUMM_SHORT,1506,,0.1758241758241758,2.19,82.99005681818181,6503.61328125,0.490240894305736
run_0163,"COMPLETED
",Falcon-3B,FP16,QA,7307,,0.2222222222222222,2.14,79.76649305555556,6503.61328125,0.6162962943716862
run_0188,"COMPLETED
",Falcon-3B,FP16,SUMM_SHORT,4012,,0.1643835616438356,2.17,81.21180555555556,6503.61328125,1.5607418476002186
run_0192,"COMPLETED
",Falcon-3B,FP16,QA,2182,,0.1304347826086956,2.14,78.15580985915493,6503.61328125,1.6193743417833688
run_0227,"COMPLETED
",Falcon-3B,FP16,QA,7354,0.3529411764705882,,2.16,79.82854729729729,6503.70703125,0.0758836494029528
run_0229,"COMPLETED
",Falcon-3B,FP16,QA,8100,0.3333333333333333,,2.16,79.78697183098592,6503.8984375,1.4874010565324862
run_0233,"COMPLETED
",Falcon-3B,FP16,SUMM_SHORT,6021,,0.1587301587301587,2.12,81.99116847826087,6503.8984375,0.2512579144294952
run_0236,"COMPLETED
",Falcon-3B,FP16,QA,9657,0.0,,2.12,78.92820945945945,6504.08203125,2.0925911262580605
run_0263,"COMPLETED
",Falcon-3B,FP16,QA,5603,,0.198019801980198,2.23,72.27286585365853,6504.08203125,0.9040290400953468
run_0276,"COMPLETED
",Falcon-3B,FP16,QA,9116,0.4,,2.16,78.18714788732395,6504.08203125,1.5641727261148342
run_0283,"COMPLETED
",Falcon-3B,FP16,SUMM_LONG,1728,,0.0263157894736842,2.15,83.06447368421053,6504.08203125,0.4783699507507652
run_0285,"COMPLETED
",Falcon-3B,FP16,SUMM_SHORT,10204,,0.1714285714285714,2.21,80.24565972222223,6504.08203125,1.7161650996226996
run_0294,"COMPLETED
",Falcon-3B,FP16,SUMM_LONG,4927,,0.0941176470588235,2.15,81.4991554054054,6504.08203125,0.7446317868491165
run_0299,"COMPLETED
",Falcon-3B,FP16,SUMM_SHORT,5807,,0.0701754385964912,2.16,78.97128378378379,6504.3828125,0.2336301853472268
run_0311,"COMPLETED
",Falcon-3B,FP16,QA,5069,,0.1333333333333333,2.22,78.155,6504.3828125,0.889020613102126
run_0318,"COMPLETED
",Falcon-3B,FP16,SUMM_SHORT,3441,1.0,,2.14,81.07357594936708,6504.3828125,0.8679842514585859
run_0323,"COMPLETED
",Falcon-3B,FP16,QA,10030,,0.2745098039215686,2.09,80.06517857142858,6504.29296875,0.9296541103235848
run_0351,"COMPLETED
",Falcon-3B,FP16,QA,8412,,0.217391304347826,2.23,73.20555555555555,6504.29296875,1.0923974706048438
run_0390,"COMPLETED
",Falcon-3B,FP16,SUMM_SHORT,3832,,0.2448979591836735,2.37,75.73863636363636,6504.29296875,1.4779622278795457
run_0393,"COMPLETED
",Falcon-3B,FP16,SUMM_SHORT,632,,0.0769230769230769,2.14,83.82964601769912,6504.29296875,0.080718518871906
run_0395,"COMPLETED
",Falcon-3B,FP16,SUMM_LONG,2184,,0.2117647058823529,2.13,82.25934579439253,6504.40234375,0.3008807811892234
run_0411,"COMPLETED
",Falcon-3B,FP16,SUMM_SHORT,672,,0.2117647058823529,2.14,81.7183734939759,6504.40234375,0.2319431255090503
run_0414,"COMPLETED
",Falcon-3B,FP16,QA,5668,,0.238095238095238,2.12,80.36924342105263,6504.40234375,1.169636769406967
run_0424,"COMPLETED
",Falcon-3B,FP16,SUMM_LONG,4430,0.4,,2.13,80.29552469135803,6504.40234375,0.8290162493893004
run_0430,"COMPLETED
",Falcon-3B,FP16,SUMM_LONG,2475,,0.1403508771929824,2.18,80.35855263157895,6504.40234375,1.7790480051442037
run_0438,"COMPLETED
",Falcon-3B,FP16,SUMM_LONG,10269,,0.3370786516853932,2.13,82.15737951807229,6504.40234375,0.5423599628446559
run_0443,"COMPLETED
",Falcon-3B,FP16,SUMM_SHORT,1535,,0.1111111111111111,2.16,79.37580128205128,6504.40234375,0.3627181851966818
run_0455,"COMPLETED
",Falcon-3B,FP16,SUMM_LONG,3865,,0.1470588235294117,2.21,80.33666666666667,6504.40234375,1.6274336131444458
run_0466,"COMPLETED
",Falcon-3B,FP16,SUMM_LONG,7828,,0.2,2.18,81.93103448275862,6504.40234375,0.4330011255200972
run_0470,"COMPLETED
",Falcon-3B,FP16,SUMM_SHORT,1617,,0.2531645569620254,2.16,77.92028985507247,6504.421875,2.222248733728833
run_0475,"COMPLETED
",Falcon-3B,FP16,QA,8043,,0.2716049382716049,2.22,73.72256097560975,6504.421875,1.6240829603971632
run_0478,"COMPLETED
",Falcon-3B,FP16,SUMM_SHORT,7744,1.0,,2.21,81.7225,6504.421875,1.0304254341494568
run_0482,"COMPLETED
",Falcon-3B,FP16,QA,7916,1.0,,2.2,77.31603773584905,6504.421875,0.9633841449254512
run_0497,"COMPLETED
",Falcon-3B,FP16,SUMM_LONG,4792,,0.125,2.13,83.01578947368421,6504.421875,0.6007058094544282
run_0505,"COMPLETED
",Falcon-3B,FP16,SUMM_LONG,6609,,0.1016949152542373,2.27,73.99305555555556,6504.421875,0.0447801511329336
run_0511,"COMPLETED
",Falcon-3B,FP16,SUMM_LONG,3354,,0.21875,2.18,82.52739726027397,6504.421875,1.7750217343087462
run_0516,"COMPLETED
",Falcon-3B,FP16,QA,4722,,0.125,2.18,80.28525641025641,6504.421875,1.5991575060146077
run_0530,"COMPLETED
",Falcon-3B,FP16,SUMM_LONG,2988,,0.3389830508474576,2.04,77.85655737704919,6504.421875,0.4148192981383165
run_0532,"COMPLETED
",Falcon-3B,FP16,SUMM_SHORT,3928,,0.2574257425742574,2.2,78.03966346153847,6504.44140625,0.0894014832942127
run_0543,"COMPLETED
",Falcon-3B,FP16,QA,3014,0.3333333333333333,,2.1,80.10915492957747,6504.44140625,0.7601097193850438
run_0581,"COMPLETED
",Falcon-3B,FP16,SUMM_SHORT,7728,,0.15625,2.33,70.68566176470588,6504.44140625,0.7860391975127854
run_0584,"COMPLETED
",Falcon-3B,FP16,SUMM_LONG,8657,,0.175,2.06,80.29567307692308,6504.44140625,0.9212607606828755
run_0585,"COMPLETED
",Falcon-3B,FP16,QA,762,,0.16,2.18,79.61130136986301,6504.44140625,1.82098306062666
run_0594,"COMPLETED
",Falcon-3B,FP16,SUMM_SHORT,6541,0.4000000000000001,,1.75,79.76136363636364,6504.44140625,0.6039682020094096
run_0595,"COMPLETED
",Falcon-3B,FP16,SUMM_SHORT,8604,,0.2894736842105263,2.15,75.66276041666667,6504.44140625,0.1000856367926187
run_0607,"COMPLETED
",Falcon-3B,FP16,SUMM_SHORT,7354,0.0606060606060606,,2.18,79.41,6504.125,0.7696929741172603
run_0629,"COMPLETED
",Falcon-3B,FP16,SUMM_LONG,2231,0.0,,2.14,77.20227272727273,6504.125,0.9901121219941326
run_0632,"COMPLETED
",Falcon-3B,FP16,SUMM_LONG,6801,,0.2857142857142857,2.27,70.35606060606061,6504.3203125,1.0467089433555226
run_0644,"COMPLETED
",Falcon-3B,FP16,SUMM_LONG,8671,0.2857142857142857,,2.15,84.15940366972477,6504.3203125,0.0273557050371363
run_0654,"COMPLETED
",Falcon-3B,FP16,SUMM_LONG,2421,,0.2272727272727273,2.17,80.1259765625,6504.3203125,0.6177210830576063
run_0655,"COMPLETED
",Falcon-3B,FP16,QA,1050,,0.0821917808219177,2.28,74.390625,6504.3203125,0.7055282124721558
run_0681,"COMPLETED
",Falcon-3B,FP16,SUMM_SHORT,2728,,0.1012658227848101,2.27,77.72083333333333,6504.3203125,1.905113700298882
run_0700,"COMPLETED
",Falcon-3B,FP16,SUMM_SHORT,1411,0.0,,2.19,81.82981927710843,6504.3203125,0.5650943749569256
run_0710,"COMPLETED
",Falcon-3B,FP16,SUMM_LONG,3312,,0.119047619047619,2.2,79.83675373134328,6504.3203125,0.1947490065635067
run_0725,"COMPLETED
",Falcon-3B,FP16,SUMM_SHORT,4418,0.6,,2.26,73.31770833333333,6504.3203125,0.0467281651245718
run_0746,"COMPLETED
",Falcon-3B,FP16,SUMM_SHORT,9959,,0.0869565217391304,2.2,79.09772727272727,6504.3203125,1.008975821158003
run_0773,"COMPLETED
",Falcon-3B,FP16,SUMM_LONG,3947,0.2857142857142857,,2.11,76.43973214285714,6504.359375,0.0825480941392121
run_0785,"COMPLETED
",Falcon-3B,FP16,SUMM_LONG,10138,,0.2736842105263158,2.25,76.50255102040816,6504.359375,0.2974589090943266
run_0804,"COMPLETED
",Falcon-3B,FP16,SUMM_SHORT,2710,,0.2083333333333333,2.54,73.7625,6504.359375,0.3283852545218955
run_0812,"COMPLETED
",Falcon-3B,FP16,SUMM_LONG,3051,,0.3555555555555555,2.14,81.93970588235294,6504.359375,0.4525733041890605
run_0814,"COMPLETED
",Falcon-3B,FP16,SUMM_LONG,10139,,0.2325581395348837,2.15,82.6938202247191,6504.359375,0.3297582635639604
run_0895,"COMPLETED
",Falcon-3B,FP16,SUMM_LONG,9765,0.0,,2.35,78.8173828125,6504.359375,0.6028630592968609
run_0904,"COMPLETED
",Falcon-3B,FP16,SUMM_LONG,8299,,0.1492537313432836,2.43,76.46130952380952,6504.359375,0.0851886502639305
run_0254,"COMPLETED
",Falcon-3B,INT4,SUMM_SHORT,1535,0.0,,6.17,71.58064516129032,3431.1953125,0.3945323947243785
run_0277,"COMPLETED
",Falcon-3B,INT4,SUMM_SHORT,4627,,0.1555555555555555,6.95,58.99166666666667,3431.25390625,0.7058942832850332
run_0290,"COMPLETED
",Falcon-3B,INT4,SUMM_SHORT,6178,0.2222222222222222,,6.08,71.43990384615384,3431.25390625,0.6339629472927264
run_0324,"COMPLETED
",Falcon-3B,INT4,SUMM_SHORT,1617,,0.1282051282051282,6.31,69.32142857142857,3431.25390625,0.7988525897316663
run_0333,"COMPLETED
",Falcon-3B,INT4,SUMM_SHORT,2728,,0.25,6.36,69.28125,3431.25390625,0.993917466770314
run_0396,"COMPLETED
",Falcon-3B,INT4,SUMM_SHORT,4012,1.0,,6.14,72.75208333333333,3431.2890625,0.2218410550941837
run_0425,"COMPLETED
",Falcon-3B,INT4,SUMM_SHORT,6020,,0.1224489795918367,6.31,68.57175925925925,3431.2890625,0.0316408365459936
run_0433,"COMPLETED
",Falcon-3B,INT4,SUMM_SHORT,8502,,0.144578313253012,5.45,66.70265151515152,3431.30859375,0.3233433246719381
run_0479,"COMPLETED
",Falcon-3B,INT4,SUMM_SHORT,6021,,0.1090909090909091,6.38,71.75178571428572,3431.30859375,0.3174254435110136
run_0527,"COMPLETED
",Falcon-3B,INT4,SUMM_SHORT,4969,,0.2222222222222222,6.27,71.51388888888889,3431.30859375,0.0310566188530129
run_0529,"COMPLETED
",Falcon-3B,INT4,SUMM_SHORT,8908,0.8571428571428571,,6.22,70.72991071428571,3431.33984375,0.5892517000403684
run_0640,"COMPLETED
",Falcon-3B,INT4,SUMM_SHORT,2710,,0.1666666666666666,5.64,61.3203125,3431.375,0.3343666947480934
run_0645,"COMPLETED
",Falcon-3B,INT4,SUMM_SHORT,4048,,0.109090909090909,6.17,68.68374999999999,3431.375,0.3526639067532428
run_0753,"COMPLETED
",Falcon-3B,INT4,SUMM_SHORT,632,0.125,,6.26,71.93198529411765,3431.3984375,4.490379670820153
run_0767,"COMPLETED
",Falcon-3B,INT4,SUMM_SHORT,5807,,0.1415929203539823,6.47,70.855,3431.3984375,3.784463375737894
run_0246,"COMPLETED
",Falcon-3B,INT4,SUMM_LONG,3354,,0.2247191011235955,6.19,72.80743243243244,3431.1953125,0.2788841468297345
run_0273,"COMPLETED
",Falcon-3B,INT4,SUMM_LONG,2231,,0.1025641025641025,6.51,63.91761363636363,3431.25390625,0.0394549249960218
run_0282,"COMPLETED
",Falcon-3B,INT4,SUMM_LONG,7828,,0.2857142857142857,6.16,74.40151515151516,3431.25390625,0.3968984262611205
run_0300,"COMPLETED
",Falcon-3B,INT4,SUMM_LONG,2184,0.4,,6.27,74.9546875,3431.25390625,0.0681876414172089
run_0345,"COMPLETED
",Falcon-3B,INT4,SUMM_LONG,9765,,0.0895522388059701,6.38,70.79,3431.2890625,0.1328433672100198
run_0354,"COMPLETED
",Falcon-3B,INT4,SUMM_LONG,2475,,0.1290322580645161,6.19,72.0719696969697,3431.2890625,0.0259133019212118
run_0365,"COMPLETED
",Falcon-3B,INT4,SUMM_LONG,3553,0.3333333333333333,,6.24,72.14008620689656,3431.2890625,0.0408129894134359
run_0416,"COMPLETED
",Falcon-3B,INT4,SUMM_LONG,7612,0.4,,6.78,60.3125,3431.2890625,0.0185409858363838
run_0431,"COMPLETED
",Falcon-3B,INT4,SUMM_LONG,10139,0.0,,5.94,78.9453125,3431.3046875,0.109156791251379
run_0435,"COMPLETED
",Falcon-3B,INT4,SUMM_LONG,3551,,0.2528735632183908,6.37,69.50240384615384,3431.30859375,0.3027425862963182
run_0495,"COMPLETED
",Falcon-3B,INT4,SUMM_LONG,4430,,0.1754385964912281,6.41,72.92338709677419,3431.30859375,0.223489454537619
run_0526,"COMPLETED
",Falcon-3B,INT4,SUMM_LONG,3209,,0.1149425287356322,6.36,75.0765625,3431.30859375,0.235868358264544
run_0542,"COMPLETED
",Falcon-3B,INT4,SUMM_LONG,4792,0.0,,6.27,73.70892857142857,3431.33984375,0.0237062129158533
run_0579,"COMPLETED
",Falcon-3B,INT4,SUMM_LONG,3051,,0.2444444444444444,6.08,80.0300925925926,3431.375,0.0100129052267939
run_0603,"COMPLETED
",Falcon-3B,INT4,SUMM_LONG,925,,0.0579710144927536,5.5,54.56845238095238,3431.375,0.5708542407943067
run_0608,"COMPLETED
",Falcon-3B,INT4,SUMM_LONG,7239,,0.1454545454545454,6.26,74.72916666666667,3431.375,0.5255810885413834
run_0623,"COMPLETED
",Falcon-3B,INT4,SUMM_LONG,4927,,0.1351351351351351,6.1,76.39020270270271,3431.375,0.0879121226877766
run_0631,"COMPLETED
",Falcon-3B,INT4,SUMM_LONG,6609,,0.1860465116279069,6.51,58.80131578947368,3431.375,0.2848832310686384
run_0633,"COMPLETED
",Falcon-3B,INT4,SUMM_LONG,1728,,0.175,6.4,77.1890625,3431.375,0.0111703980991097
run_0652,"COMPLETED
",Falcon-3B,INT4,SUMM_LONG,6026,,0.1159420289855072,6.6,72.31712962962963,3431.38671875,0.2768114274107193
run_0686,"COMPLETED
",Falcon-3B,INT4,SUMM_LONG,170,,0.2368421052631578,6.73,64.29513888888889,3431.38671875,3.0375032583580857
run_0707,"COMPLETED
",Falcon-3B,INT4,SUMM_LONG,2321,,0.0821917808219178,6.31,71.78333333333333,3431.38671875,3.110082607695368
run_0736,"COMPLETED
",Falcon-3B,INT4,SUMM_LONG,3312,,0.2444444444444444,6.45,75.865234375,3431.38671875,2.539751560162508
run_0789,"COMPLETED
",Falcon-3B,INT4,SUMM_LONG,10083,,0.1587301587301587,6.33,75.84642857142858,3431.3984375,4.575752004450589
run_0292,"COMPLETED
",Falcon-3B,INT4,QA,1561,0.0,,6.24,72.38709677419355,3431.25390625,0.2709266691600587
run_0312,"COMPLETED
",Falcon-3B,INT4,QA,8412,,0.0338983050847457,6.56,65.8721590909091,3431.25390625,0.0294151408923016
run_0394,"COMPLETED
",Falcon-3B,INT4,QA,7307,,0.3611111111111112,5.81,72.97321428571429,3431.2890625,0.1941272995220824
run_0408,"COMPLETED
",Falcon-3B,INT4,QA,6016,0.3636363636363636,,6.01,68.86574074074075,3431.2890625,0.6153773710797779
run_0426,"COMPLETED
",Falcon-3B,INT4,QA,3014,,0.1515151515151515,6.19,72.591796875,3431.2890625,0.0251664988138828
run_0446,"COMPLETED
",Falcon-3B,INT4,QA,5668,,0.1874999999999999,6.18,74.80892857142857,3431.30859375,0.1196631676781783
run_0544,"COMPLETED
",Falcon-3B,INT4,QA,5308,,0.1538461538461538,6.83,68.675,3431.33984375,1.4797972541699755
run_0832,"COMPLETED
",Falcon-3B,INT4,QA,1329,1.0,,6.2,77.9561170212766,3431.3984375,2.370374980322716
run_0933,"COMPLETED
",Falcon-3B,INT4,QA,6521,,0.1573033707865168,6.69,65.5955,3431.43359375,3.108608415956708
run_0003,"COMPLETED
",Falcon-3B,INT8,SUMM_SHORT,4012,,0.15625,3.99,80.2296511627907,3613.42578125,0.5703045153695141
run_0007,"COMPLETED
",Falcon-3B,INT8,SUMM_SHORT,4969,,0.3218390804597701,3.95,83.08811475409836,3613.4375,0.1182412258916667
run_0014,"COMPLETED
",Falcon-3B,INT8,SUMM_LONG,4996,1.0,,4.52,74.67105263157895,3613.46484375,0.0898673966526224
run_0035,"COMPLETED
",Falcon-3B,INT8,SUMM_SHORT,1376,,0.188235294117647,4.43,77.25892857142857,3613.46484375,0.3771678802004905
run_0043,"COMPLETED
",Falcon-3B,INT8,SUMM_SHORT,3752,1.0,,3.95,71.65217391304348,3613.46484375,0.228413291218956
run_0045,"COMPLETED
",Falcon-3B,INT8,SUMM_SHORT,632,,0.127659574468085,4.27,84.225,3613.6171875,0.2060665772265707
run_0049,"COMPLETED
",Falcon-3B,INT8,SUMM_LONG,3609,1.0,,3.78,74.79166666666667,3613.76953125,0.5347009940600832
run_0061,"COMPLETED
",Falcon-3B,INT8,SUMM_SHORT,7728,,0.3541666666666666,4.47,79.37878787878788,3613.75,0.1593916676819692
run_0085,"COMPLETED
",Falcon-3B,INT8,SUMM_SHORT,9959,,0.25,4.4,78.375,3613.75,0.2636973533537367
run_0088,"COMPLETED
",Falcon-3B,INT8,SUMM_LONG,1728,0.3636363636363636,,4.12,81.51590909090909,3613.75,0.5702917178642329
run_0118,"COMPLETED
",Falcon-3B,INT8,SUMM_SHORT,8908,,0.1875,3.6,82.60704022988506,3613.75,0.2209113190372272
run_0122,"COMPLETED
",Falcon-3B,INT8,SUMM_SHORT,6021,0.4000000000000001,,4.16,78.625,3613.75,0.544916357217387
run_0123,"COMPLETED
",Falcon-3B,INT8,SUMM_SHORT,1617,,0.282051282051282,3.66,79.60317460317461,3613.75,0.6699781121788563
run_0125,"COMPLETED
",Falcon-3B,INT8,QA,5943,,0.1739130434782609,4.16,80.4110576923077,3613.75,0.9393159439896376
run_0137,"COMPLETED
",Falcon-3B,INT8,SUMM_LONG,8299,0.5714285714285715,,4.38,77.29741379310344,3613.75,0.2890088936066311
run_0146,"COMPLETED
",Falcon-3B,INT8,SUMM_LONG,8671,0.0,,3.66,80.5625,3613.86328125,0.0260350957400331
run_0157,"COMPLETED
",Falcon-3B,INT8,SUMM_LONG,3551,,0.282051282051282,3.76,75.39787234042552,3613.86328125,0.9308391169144282
run_0171,"COMPLETED
",Falcon-3B,INT8,SUMM_SHORT,5521,,0.2439024390243902,4.27,82.58482142857143,3613.86328125,0.31159002052877
run_0176,"COMPLETED
",Falcon-3B,INT8,SUMM_LONG,3211,0.0,,3.7,81.11995967741936,3613.93359375,0.3780121974237069
run_0196,"COMPLETED
",Falcon-3B,INT8,SUMM_LONG,925,,0.247191011235955,4.4,77.4274193548387,3613.93359375,0.4088231908304367
run_0216,"COMPLETED
",Falcon-3B,INT8,SUMM_LONG,760,0.0,,3.85,75.76315789473684,3613.984375,0.3756603022420169
run_0221,"COMPLETED
",Falcon-3B,INT8,QA,8100,1.0,,4.06,79.51061320754717,3614.00390625,0.0838801066786091
run_0228,"COMPLETED
",Falcon-3B,INT8,QA,5279,,0.0909090909090909,4.47,68.76785714285714,3614.00390625,0.6178516580952531
run_0230,"COMPLETED
",Falcon-3B,INT8,SUMM_LONG,10083,,0.1066666666666666,4.09,83.42447916666667,3614.00390625,0.5066701193254658
run_0239,"COMPLETED
",Falcon-3B,INT8,SUMM_LONG,3553,0.3333333333333333,,3.62,83.4938524590164,3614.00390625,0.8445659172708792
run_0244,"COMPLETED
",Falcon-3B,INT8,SUMM_SHORT,5807,,0.064516129032258,4.35,76.28472222222223,3614.00390625,0.6714931781618971
run_0271,"COMPLETED
",Falcon-3B,INT8,SUMM_LONG,3209,,0.0634920634920634,4.03,84.03219696969697,3614.00390625,0.0826817471533566
run_0278,"COMPLETED
",Falcon-3B,INT8,SUMM_SHORT,6020,,0.2941176470588235,3.12,80.08898305084746,3614.00390625,0.6847878646596139
run_0291,"COMPLETED
",Falcon-3B,INT8,SUMM_LONG,2321,1.0,,4.26,79.58016304347827,3614.00390625,0.7074403423461377
run_0301,"COMPLETED
",Falcon-3B,INT8,QA,8412,,0.1290322580645161,4.32,72.072265625,3614.0390625,0.5426065127695298
run_0302,"COMPLETED
",Falcon-3B,INT8,QA,1329,0.1428571428571428,,4.06,82.12244897959184,3614.0390625,0.2871845592613998
run_0314,"COMPLETED
",Falcon-3B,INT8,SUMM_LONG,4430,0.2222222222222222,,3.69,81.09066455696203,3614.0390625,0.1616818461699311
run_0329,"COMPLETED
",Falcon-3B,INT8,SUMM_SHORT,2089,1.0,,4.02,79.23333333333333,3614.0390625,0.0281811458758802
run_0335,"COMPLETED
",Falcon-3B,INT8,SUMM_LONG,6609,,0.2823529411764706,3.88,77.6265243902439,3614.0390625,0.0217777804243476
run_0340,"COMPLETED
",Falcon-3B,INT8,SUMM_LONG,10348,,0.2127659574468085,4.57,71.29807692307692,3614.0390625,0.658576754891703
run_0356,"COMPLETED
",Falcon-3B,INT8,SUMM_SHORT,7744,0.1176470588235294,,3.76,84.3024193548387,3614.0390625,0.3793925733814259
run_0359,"COMPLETED
",Falcon-3B,INT8,SUMM_SHORT,8759,0.25,,3.58,82.74021084337349,3614.0390625,0.167859097274322
run_0384,"COMPLETED
",Falcon-3B,INT8,SUMM_SHORT,8604,0.1818181818181818,,4.32,74.6814024390244,3614.0390625,0.9218181619355652
run_0392,"COMPLETED
",Falcon-3B,INT8,SUMM_SHORT,1506,,0.1791044776119403,4.1,80.41517857142857,3614.0390625,0.3667041976571014
run_0400,"COMPLETED
",Falcon-3B,INT8,SUMM_LONG,3312,,0.1379310344827586,3.66,81.74107142857143,3614.0625,0.1915415426603933
run_0419,"COMPLETED
",Falcon-3B,INT8,SUMM_LONG,7828,,0.2307692307692307,3.77,83.07386363636364,3614.0625,0.7885331297634783
run_0422,"COMPLETED
",Falcon-3B,INT8,SUMM_SHORT,672,,0.0930232558139534,4.11,77.63250000000001,3613.99609375,0.1474088226583382
run_0451,"COMPLETED
",Falcon-3B,INT8,SUMM_LONG,3552,,0.3023255813953488,3.66,80.38915094339623,3613.99609375,0.4380218227123089
run_0468,"COMPLETED
",Falcon-3B,INT8,QA,6952,,0.2571428571428572,4.02,74.75925925925925,3613.99609375,0.7747335284777339
run_0494,"COMPLETED
",Falcon-3B,INT8,SUMM_LONG,170,,0.2142857142857142,3.89,78.13461538461539,3613.99609375,0.0302519897623449
run_0504,"COMPLETED
",Falcon-3B,INT8,SUMM_LONG,8657,1.0,,4.15,80.51470588235294,3613.99609375,0.2393630635503983
run_0518,"COMPLETED
",Falcon-3B,INT8,SUMM_LONG,10138,,0.2784810126582278,3.83,80.628125,3614.078125,0.2548981896314989
run_0533,"COMPLETED
",Falcon-3B,INT8,SUMM_LONG,6909,,0.173076923076923,3.94,83.19107142857143,3614.078125,0.1641065792314048
run_0534,"COMPLETED
",Falcon-3B,INT8,SUMM_SHORT,1411,,0.1739130434782608,3.63,80.98295454545455,3614.078125,0.5684783014214947
run_0551,"COMPLETED
",Falcon-3B,INT8,QA,1050,,0.1666666666666666,4.28,74.17788461538461,3614.078125,0.7282723944960671
run_0554,"COMPLETED
",Falcon-3B,INT8,SUMM_SHORT,6541,,0.3283582089552239,4.15,81.97606382978724,3614.078125,1.1222811075938408
run_0561,"COMPLETED
",Falcon-3B,INT8,SUMM_LONG,2231,0.2,,4.03,76.159375,3614.078125,0.4971888363822284
run_0570,"COMPLETED
",Falcon-3B,INT8,SUMM_SHORT,245,,0.196078431372549,4.13,74.57407407407408,3614.078125,0.6659258626446527
run_0578,"COMPLETED
",Falcon-3B,INT8,QA,4722,0.0,,4.04,78.73177083333333,3614.078125,0.4336615976506029
run_0580,"COMPLETED
",Falcon-3B,INT8,QA,5009,,0.375,3.57,69.91666666666667,3614.078125,0.7220819581083024
run_0583,"COMPLETED
",Falcon-3B,INT8,QA,5069,,0.1481481481481481,3.95,74.27403846153847,3614.078125,0.0432453446131296
run_0617,"COMPLETED
",Falcon-3B,INT8,QA,5603,,0.1481481481481481,4.49,75.49568965517241,3614.09375,0.0737379141466747
run_0622,"COMPLETED
",Falcon-3B,INT8,QA,8625,,0.064516129032258,4.12,76.13793103448276,3614.09375,1.119437477547163
run_0624,"COMPLETED
",Falcon-3B,INT8,SUMM_LONG,6026,0.0,,4.28,81.171875,3614.09375,0.019222311407286
run_0658,"COMPLETED
",Falcon-3B,INT8,QA,7659,,0.1643835616438356,4.56,76.88095238095238,3614.09375,0.1158791486363545
run_0671,"COMPLETED
",Falcon-3B,INT8,SUMM_SHORT,6732,,0.2692307692307693,4.42,69.61309523809524,3614.09375,0.0323917896267946
run_0705,"COMPLETED
",Falcon-3B,INT8,SUMM_LONG,2988,1.0,,4.29,78.59765625,3614.09375,0.0389678577159201
run_0708,"COMPLETED
",Falcon-3B,INT8,QA,3854,0.6153846153846153,,3.79,77.75367647058823,3614.09375,0.2572555024088288
run_0780,"COMPLETED
",Falcon-3B,INT8,SUMM_SHORT,6000,,0.1927710843373493,3.7,83.36428571428571,3614.10546875,0.4893962437883362
run_0798,"COMPLETED
",Falcon-3B,INT8,SUMM_SHORT,2728,,0.0919540229885057,4.08,79.84669811320755,3614.10546875,0.2493782205867709
run_0831,"COMPLETED
",Falcon-3B,INT8,SUMM_LONG,10269,,0.1724137931034483,3.64,84.6858108108108,3614.10546875,0.2275753448219916
run_1018,"COMPLETED
",Falcon-3B,INT8,SUMM_SHORT,6453,,0.1694915254237288,4.21,81.21428571428571,3614.10546875,0.4540373258452133
